job_title,company,location,description_snippet,posted_date,url,source,scraped_at
AI Engineer,Northstar AI,Singapore,"Design and ship AI features, build model pipelines, and collaborate with cross-functional teams in a product-focused environment.",1 day ago,https://www.linkedin.com/jobs/view/3000,linkedin-demo,2026-08-12T23:04:32.413422+00:00
Machine Learning Engineer,Apex Robotics,Singapore,"Design and ship AI features, build model pipelines, and collaborate with cross-functional teams in a product-focused environment.",1 day ago,https://www.linkedin.com/jobs/view/3001,linkedin-demo,2026-08-12T23:04:32.413422+00:00
Data Engineer,Signal Forge,Singapore,"Design and ship AI features, build model pipelines, and collaborate with cross-functional teams in a product-focused environment.",1 day ago,https://www.linkedin.com/jobs/view/3002,linkedin-demo,2026-08-12T23:04:32.413422+00:00
Full Stack Engineer,Glacier Labs,Singapore,"Design and ship AI features, build model pipelines, and collaborate with cross-functional teams in a product-focused environment.",1 day ago,https://www.linkedin.com/jobs/view/3003,linkedin-demo,2026-08-12T23:04:32.413422+00:00
Platform Engineer,Sphere Digital,Singapore,"Design and ship AI features, build model pipelines, and collaborate with cross-functional teams in a product-focused environment.",1 day ago,https://www.linkedin.com/jobs/view/3004,linkedin-demo,2026-08-12T23:04:32.413422+00:00
Applied Scientist,Velora Systems,Singapore,"Design and ship AI features, build model pipelines, and collaborate with cross-functional teams in a product-focused environment.",1 day ago,https://www.linkedin.com/jobs/view/3005,linkedin-demo,2026-08-12T23:04:32.413422+00:00
AI Engineer,Finora Tech,Singapore,"Design and ship AI features, build model pipelines, and collaborate with cross-functional teams in a product-focused environment.",1 day ago,https://www.linkedin.com/jobs/view/3006,linkedin-demo,2026-08-12T23:04:32.413422+00:00
Machine Learning Engineer,Northstar AI,Singapore,"Design and ship AI features, build model pipelines, and collaborate with cross-functional teams in a product-focused environment.",1 day ago,https://www.linkedin.com/jobs/view/3007,linkedin-demo,2026-08-12T23:04:32.413422+00:00
Data Engineer,Apex Robotics,Singapore,"Design and ship AI features, build model pipelines, and collaborate with cross-functional teams in a product-focused environment.",1 day ago,https://www.linkedin.com/jobs/view/3008,linkedin-demo,2026-08-12T23:04:32.413422+00:00
Full Stack Engineer,Signal Forge,Singapore,"Design and ship AI features, build model pipelines, and collaborate with cross-functional teams in a product-focused environment.",1 day ago,https://www.linkedin.com/jobs/view/3009,linkedin-demo,2026-08-12T23:04:32.413422+00:00
Platform Engineer,Glacier Labs,Singapore,"Design and ship AI features, build model pipelines, and collaborate with cross-functional teams in a product-focused environment.",1 day ago,https://www.linkedin.com/jobs/view/3010,linkedin-demo,2026-08-12T23:04:32.413422+00:00
Applied Scientist,Sphere Digital,Singapore,"Design and ship AI features, build model pipelines, and collaborate with cross-functional teams in a product-focused environment.",1 day ago,https://www.linkedin.com/jobs/view/3011,linkedin-demo,2026-08-12T23:04:32.413422+00:00
